[{"@type":"mappingTemplate","id":"@1","name":"Mapping_RESTV2","description":"","autoExpireObject":false,"bundleVersion":"0","assetFrsGuid":"dwqjIalC7GajRZGFDWkhCk","templateId":"@3","hasParameters":false,"valid":true,"fixedConnection":true,"hasParametersDeployed":false,"fixedConnectionDeployed":false,"isSchemaValidationEnabled":false,"tasks":0,"mappingPreviewFileRecordId":"@2","documentType":"MAPPING","allowMaxFieldLength":false,"references":[{"@type":"reference","refObjectId":"@cUA3wnlY60Ge1uVh9dAROT","refType":"connection"},{"@type":"reference","refObjectId":"@7uPOm1F6iIPgUC0BVd0ds5","refType":"connection"}]}]